full_name,email
Joseph Zaniolini,jzaniolini0@simplemachines.org
Freida Drillingcourt,fdrillingcourt1@umich.edu
Nanni Herity,nherity2@statcounter.com
Orazio Frayling,ofrayling3@economist.com
Julianne Murrison,jmurrison4@cbslocal.com
Lucy Gamet,lgamet5@list-manage.com
Dyana Howatt,dhowatt6@amazon.com
Kassey Herion,kherion7@amazon.com
Chrissy Hedworth,chedworth8@china.com.cn
Hyatt Gasquoine,hgasquoine9@google.ru
Felicdad Tarr,ftarra@shareasale.com
Andrew Bath,abathb@umn.edu
Lucais Chastang,lchastangc@goo.gl
Car Cerie,cceried@yale.edu
Alvera Jepp,ajeppe@umich.edu
Prescott Caldeiro,pcaldeirof@chronoengine.com
Nariko Clunie,nclunieg@utexas.edu
Kalvin Rois,kroish@unicef.org
Isa Boycott,iboycotti@dailymail.co.uk
Benedetta Glanert,bglanertj@timesonline.co.uk
Poul Caroli,pcarolik@cam.ac.uk
Virgie Dran,vdranl@independent.co.uk
Gillie Roantree,groantreem@nba.com
Tabor Dawidowitsch,tdawidowitschn@free.fr
Sarina Choulerton,schoulertono@wisc.edu
Elbert Seawell,eseawellp@live.com
Danita Aldrin,daldrinq@wired.com
Jone Dank,jdankr@miibeian.gov.cn
Merralee Lampel,mlampels@a8.net
Charyl Halstead,chalsteadt@amazon.de
Giuseppe Karolowski,gkarolowskiu@narod.ru
Sutherlan Mundee,smundeev@nsw.gov.au
Alexander Oldershaw,aoldershaww@so-net.ne.jp
Blayne Mattusevich,bmattusevichx@foxnews.com
Alfredo Bohlens,abohlensy@nih.gov
Harman Braidwood,hbraidwoodz@amazon.com
Haslett Sudron,hsudron10@nps.gov
Jeanelle VanBrugh,jvanbrugh11@cocolog-nifty.com
Hetty Lightollers,hlightollers12@comsenz.com
Elmira Goodhand,egoodhand13@tripadvisor.com
Granger Lewerenz,glewerenz14@about.me
Tobie Lewson,tlewson15@marriott.com
Knox Sainteau,ksainteau16@ning.com
Eliot Vedekhov,evedekhov17@jiathis.com
Honey Crenshaw,hcrenshaw18@github.io
Karmen Soppitt,ksoppitt19@cdc.gov
Fairleigh Sivess,fsivess1a@free.fr
Angelina Stranio,astranio1b@latimes.com
Lilla Erni,lerni1c@dailymotion.com
Penn Batson,pbatson1d@vimeo.com
Salvidor Cawthry,scawthry1e@youtu.be
Ker Kellock,kkellock1f@japanpost.jp
Lorne Smouten,lsmouten1g@noaa.gov
Elijah Sore,esore1h@wikia.com
Paxton Chsteney,pchsteney1i@msn.com
Ernie Eddies,eeddies1j@disqus.com
Deb Endicott,dendicott1k@buzzfeed.com
Morna Masse,mmasse1l@vkontakte.ru
Gregorius Drains,gdrains1m@samsung.com
Raynard Teaz,rteaz1n@issuu.com
Harrietta Northey,hnorthey1o@hostgator.com
Cariotta Le Breton De La Vieuville,clebretondelavieuville1p@sfgate.com
Lisetta Allbones,lallbones1q@reddit.com
Danielle Jeduch,djeduch1r@ovh.net
Ingra Andriolli,iandriolli1s@ucoz.com
Ferdinand Cruickshanks,fcruickshanks1t@lulu.com
Salomi Pinnock,spinnock1u@hc360.com
Lurlene Snazel,lsnazel1v@smh.com.au
Penni Sells,psells1w@booking.com
Stormie Dougal,sdougal1x@cbc.ca
Baily Hallwell,bhallwell1y@usnews.com
Kristofor Recke,krecke1z@microsoft.com
Cherey Dorricott,cdorricott20@cbslocal.com
Phillip Bartolijn,pbartolijn21@biblegateway.com
Karil Hefford,khefford22@t.co
Loise Issacof,lissacof23@dagondesign.com
Rickie Laybourn,rlaybourn24@nasa.gov
Orella Giacomuzzo,ogiacomuzzo25@alibaba.com
Calli D'orsay,cdorsay26@home.pl
Harli Fakeley,hfakeley27@blogger.com
Edvard Morilla,emorilla28@ycombinator.com
Almira Eastmead,aeastmead29@soundcloud.com
Kort Blooman,kblooman2a@imgur.com
Sigmund Sessions,ssessions2b@bizjournals.com
Winna Dodshon,wdodshon2c@tinypic.com
Norton Raiston,nraiston2d@nydailynews.com
Moss Doche,mdoche2e@microsoft.com
Jeanna Mazey,jmazey2f@naver.com
Kerrin Rojahn,krojahn2g@delicious.com
Luca Frazier,lfrazier2h@i2i.jp
Faina Jarville,fjarville2i@si.edu
Skelly Cragg,scragg2j@naver.com
Mike Kennewell,mkennewell2k@virginia.edu
Trever Bradie,tbradie2l@merriam-webster.com
Ferdinande Drought,fdrought2m@goo.gl
Brenda Guiel,bguiel2n@time.com
Matthiew Vanyukov,mvanyukov2o@discovery.com
Rosalie Stribbling,rstribbling2p@wiley.com
Flor Giuron,fgiuron2q@storify.com
Ax Bristowe,abristowe2r@live.com
Guglielma Magenny,gmagenny2s@flavors.me
Kyla Crosse,kcrosse2t@bluehost.com
Brittan Bubb,bbubb2u@dailymail.co.uk
Corri Rubinowicz,crubinowicz2v@europa.eu
Korney Prestidge,kprestidge2w@bing.com
Paddie Dary,pdary2x@redcross.org
Ase Fibbens,afibbens2y@whitehouse.gov
Susi Pawsey,spawsey2z@zimbio.com
Jo Walak,jwalak30@dedecms.com
Ardelia Vasilyonok,avasilyonok31@blogspot.com
Alis Stammer,astammer32@vimeo.com
Al Gravatt,agravatt33@1und1.de
Osborne Fendlow,ofendlow34@tuttocitta.it
Brook Purvey,bpurvey35@dell.com
Mag Feechan,mfeechan36@last.fm
Luigi Reaveley,lreaveley37@wp.com
Tymon Castro,tcastro38@gov.uk
Minnaminnie MacNair,mmacnair39@archive.org
Hugues MacFarlane,hmacfarlane3a@facebook.com
Fianna Moizer,fmoizer3b@scientificamerican.com
Morton Derby,mderby3c@ask.com
Carita Tomet,ctomet3d@timesonline.co.uk
Beulah MacGowan,bmacgowan3e@squarespace.com
Etta Riccardelli,ericcardelli3f@sciencedaily.com
Udall Chevers,uchevers3g@surveymonkey.com
Javier Spitell,jspitell3h@wordpress.com
Munmro Snelling,msnelling3i@php.net
Carina Moxon,cmoxon3j@usda.gov
Crissy Murdie,cmurdie3k@biblegateway.com
Karrah Danshin,kdanshin3l@linkedin.com
Idalina Hartup,ihartup3m@amazon.de
Denice Cargon,dcargon3n@usda.gov
Courtnay Tosh,ctosh3o@list-manage.com
Harp Szymoni,hszymoni3p@angelfire.com
Franklin Tregian,ftregian3q@shutterfly.com
Celestyna Jacquemy,cjacquemy3r@berkeley.edu
Silva Pittham,spittham3s@ibm.com
Kendra Arnow,karnow3t@seesaa.net
Cordie Monier,cmonier3u@harvard.edu
Tabbitha Padbery,tpadbery3v@woothemes.com
Haydon Sheran,hsheran3w@spiegel.de
Halli Clempton,hclempton3x@google.co.uk
Gwenette Helling,ghelling3y@discuz.net
Ermina Carff,ecarff3z@tinyurl.com
Tedd Howler,thowler40@thetimes.co.uk
Wren Janc,wjanc41@nhs.uk
Anatola Upsale,aupsale42@hc360.com
Ken Muirhead,kmuirhead43@hatena.ne.jp
Jerri Bohje,jbohje44@livejournal.com
Julie Kopacek,jkopacek45@deviantart.com
Ingelbert Loveday,iloveday46@aboutads.info
Elaina Yanez,eyanez47@ft.com
Uri Aven,uaven48@fema.gov
Ally Clausen-Thue,aclausenthue49@latimes.com
Ki Clew,kclew4a@pagesperso-orange.fr
Francesca Cottham,fcottham4b@hc360.com
Aida Mundy,amundy4c@ftc.gov
Aloin Dimelow,adimelow4d@tamu.edu
Edgar Raithbie,eraithbie4e@elegantthemes.com
Thorvald Gunstone,tgunstone4f@yahoo.co.jp
Temp Karet,tkaret4g@slideshare.net
Corinna Naismith,cnaismith4h@privacy.gov.au
Cinnamon Birchenhead,cbirchenhead4i@multiply.com
Tilda Couser,tcouser4j@google.nl
Tildi Kimbell,tkimbell4k@phoca.cz
Jeno Marran,jmarran4l@harvard.edu
Mariska Noble,mnoble4m@mayoclinic.com
Rozelle Northrop,rnorthrop4n@wikimedia.org
Petey Thompkins,pthompkins4o@shinystat.com
Alvie Pyffe,apyffe4p@economist.com
Kev MacKniely,kmackniely4q@dailymail.co.uk
Matelda Wycliffe,mwycliffe4r@squarespace.com
Leoline Flawith,lflawith4s@theglobeandmail.com
Malachi Fodden,mfodden4t@smugmug.com
Pierrette Abramow,pabramow4u@github.io
Lynn Sames,lsames4v@slideshare.net
Krisha Jinkins,kjinkins4w@list-manage.com
Cassie Bramich,cbramich4x@youku.com
Cynthia MacTurlough,cmacturlough4y@zimbio.com
Care Lademann,clademann4z@meetup.com
Torrey Nye,tnye50@merriam-webster.com
Conni Higgan,chiggan51@deliciousdays.com
Franky Casarini,fcasarini52@jugem.jp
Alva Feechan,afeechan53@ftc.gov
Gaby Synder,gsynder54@eventbrite.com
Andy Varley,avarley55@wikimedia.org
Ronda Heavens,rheavens56@nifty.com
Elwin Hounsham,ehounsham57@intel.com
Faythe Pither,fpither58@stumbleupon.com
Carling Arkell,carkell59@java.com
Kurtis Saddington,ksaddington5a@cloudflare.com
Dennison Woolatt,dwoolatt5b@addthis.com
Leda Luchetti,lluchetti5c@posterous.com
Britt Vile,bvile5d@myspace.com
Gertrude Iddison,giddison5e@youtube.com
Kathi Kerne,kkerne5f@bigcartel.com
Caitlin Zannutti,czannutti5g@behance.net
Sanson Ramelot,sramelot5h@smugmug.com
Krista Cowoppe,kcowoppe5i@cam.ac.uk
Laurella Hotchkin,lhotchkin5j@google.co.uk
Juliane Koba,jkoba5k@hao123.com
Tobe Hamlyn,thamlyn5l@wikimedia.org
Neddie Kwietek,nkwietek5m@edublogs.org
Dav Donet,ddonet5n@sciencedirect.com
Amelia Peggs,apeggs5o@huffingtonpost.com
Robby Heijnen,rheijnen5p@4shared.com
Loria Serrier,lserrier5q@hibu.com
Nan Witch,nwitch5r@quantcast.com
Mauricio Curr,mcurr5s@cyberchimps.com
Micheal Whiteson,mwhiteson5t@cocolog-nifty.com
Denys Esmonde,desmonde5u@addtoany.com
Sibilla Stachini,sstachini5v@dyndns.org
Enrique Roman,eroman5w@elegantthemes.com
Edyth Macartney,emacartney5x@elegantthemes.com
Lisetta Bigglestone,lbigglestone5y@mit.edu
Colin Younghusband,cyounghusband5z@jiathis.com
Britni Cottham,bcottham60@soundcloud.com
Matias Tudor,mtudor61@squarespace.com
Carina O' Ronan,coronan62@techcrunch.com
Albrecht Airds,aairds63@drupal.org
Randy Sazio,rsazio64@zimbio.com
Timmie Scotti,tscotti65@hc360.com
Gerik Milligan,gmilligan66@ustream.tv
Ardys Diben,adiben67@ucoz.com
Ellery Bruni,ebruni68@army.mil
Clarence Blenkiron,cblenkiron69@com.com
Jackie Jiruch,jjiruch6a@topsy.com
Melisent Northwood,mnorthwood6b@mozilla.com
Jeffy Dalliston,jdalliston6c@tinyurl.com
Joanne Lyburn,jlyburn6d@networkadvertising.org
Yulma Castagneri,ycastagneri6e@discovery.com
Marielle Chrystal,mchrystal6f@blogs.com
Haskell Klimshuk,hklimshuk6g@weather.com
Cob Mardall,cmardall6h@photobucket.com
Shep Voyce,svoyce6i@linkedin.com
Geno Crayden,gcrayden6j@1und1.de
Friedrich Giblin,fgiblin6k@vk.com
Desmund Belamy,dbelamy6l@amazon.co.jp
Rafe Wratten,rwratten6m@seattletimes.com
Flo Sorrie,fsorrie6n@nationalgeographic.com
Elvina Dulwitch,edulwitch6o@sourceforge.net
Dell Rafe,drafe6p@issuu.com
Diena Jahan,djahan6q@salon.com
Gino Skuce,gskuce6r@yale.edu
Heath Eastmond,heastmond6s@geocities.jp
Meg McKirdy,mmckirdy6t@drupal.org
Hastie Hadley,hhadley6u@yelp.com
Westleigh Willetts,wwilletts6v@nhs.uk
Lee Bagnal,lbagnal6w@yahoo.co.jp
Hildegaard Fairey,hfairey6x@biglobe.ne.jp
Easter Hamshere,ehamshere6y@freewebs.com
Elton Tows,etows6z@quantcast.com
Verile Gunning,vgunning70@infoseek.co.jp
Brandtr Margeram,bmargeram71@php.net
Ozzie Zecchii,ozecchii72@sfgate.com
Daniella Jindra,djindra73@jigsy.com
Shoshanna Stollsteimer,sstollsteimer74@mysql.com
Benton Jahnig,bjahnig75@bigcartel.com
Noel Selliman,nselliman76@istockphoto.com
Clarke Tidcomb,ctidcomb77@linkedin.com
Brigitta Haquin,bhaquin78@cdbaby.com
Claribel Dosedale,cdosedale79@barnesandnoble.com
Gallard Wanden,gwanden7a@purevolume.com
Marleah Shevlan,mshevlan7b@surveymonkey.com
Saundra Butterfint,sbutterfint7c@redcross.org
Opalina Bleier,obleier7d@posterous.com
Shaughn Antoniades,santoniades7e@salon.com
Kathleen Treswell,ktreswell7f@kickstarter.com
Mufinella Santo,msanto7g@paypal.com
Marlin Wheeliker,mwheeliker7h@dedecms.com
Aldon Wozencraft,awozencraft7i@meetup.com
Beaufort Petrello,bpetrello7j@latimes.com
Marmaduke O'Malley,momalley7k@adobe.com
Kathryn MacManus,kmacmanus7l@hc360.com
Eve Clother,eclother7m@bigcartel.com
Obediah Janus,ojanus7n@imageshack.us
Emmy Negri,enegri7o@merriam-webster.com
Mill Wesson,mwesson7p@bizjournals.com
Tiertza Bullivent,tbullivent7q@dyndns.org
Berne Scrivener,bscrivener7r@mtv.com
Rozella Shirlaw,rshirlaw7s@ask.com
Emmit Cruttenden,ecruttenden7t@skyrock.com
Iseabal Terron,iterron7u@spiegel.de
Michele Garritley,mgarritley7v@nyu.edu
Theodoric Deave,tdeave7w@exblog.jp
Sibilla Alesi,salesi7x@chron.com
Erick Austick,eaustick7y@kickstarter.com
Hercules Dowall,hdowall7z@example.com
Ellene Glisane,eglisane80@nyu.edu
Bren Marchenko,bmarchenko81@twitpic.com
Oralee Letchmore,oletchmore82@indiatimes.com
Hamilton Horsley,hhorsley83@forbes.com
Fanya Gartan,fgartan84@si.edu
Godfrey Cattrell,gcattrell85@state.gov
Vania Sinnott,vsinnott86@constantcontact.com
Osmond Reichert,oreichert87@etsy.com
Colline Meadowcroft,cmeadowcroft88@ihg.com
Marybelle Neathway,mneathway89@topsy.com
Laetitia Sidry,lsidry8a@livejournal.com
Gasparo Burr,gburr8b@apple.com
Darin Gitting,dgitting8c@delicious.com
Lotti Linnock,llinnock8d@tripod.com
Lilly Annear,lannear8e@uiuc.edu
Freda Winslade,fwinslade8f@angelfire.com
Stavros McGeady,smcgeady8g@disqus.com
Marje Fordyce,mfordyce8h@deliciousdays.com
Willard Widdall,wwiddall8i@dyndns.org
Meridel Ledford,mledford8j@taobao.com
Catrina Whiskerd,cwhiskerd8k@fema.gov
Chucho Lewton,clewton8l@geocities.com
Rakel Fitzsymons,rfitzsymons8m@addthis.com
Caye Canton,ccanton8n@unicef.org
Clari Thowless,cthowless8o@uiuc.edu
Thia Vasyanin,tvasyanin8p@issuu.com
Laird Insoll,linsoll8q@wsj.com
Jany Holbie,jholbie8r@twitter.com
Adlai Harm,aharm8s@ucsd.edu
Doy Riccetti,driccetti8t@pinterest.com
Elvera Bowdrey,ebowdrey8u@alexa.com
Kalli Critcher,kcritcher8v@feedburner.com
Carny Growden,cgrowden8w@wikia.com
Brook Caff,bcaff8x@army.mil
Frankie Warburton,fwarburton8y@who.int
Mahmud Ferby,mferby8z@amazonaws.com
Tamas MacPaik,tmacpaik90@archive.org
Tulley Twiggs,ttwiggs91@123-reg.co.uk
Tony Venny,tvenny92@alibaba.com
Dwain Verrick,dverrick93@goodreads.com
Adaline Gligoraci,agligoraci94@harvard.edu
Bronny Innman,binnman95@go.com
Sydel Sherland,ssherland96@de.vu
Nelie Barnard,nbarnard97@nsw.gov.au
Keary Jamary,kjamary98@disqus.com
Elwood Mingardi,emingardi99@blogtalkradio.com
Ellwood Meegan,emeegan9a@virginia.edu
Berry Gribbins,bgribbins9b@odnoklassniki.ru
Alys Gerge,agerge9c@cdc.gov
Mufinella Harcus,mharcus9d@zimbio.com
Nap Messiter,nmessiter9e@linkedin.com
Hy Drewry,hdrewry9f@tuttocitta.it
Maressa Andras,mandras9g@yellowbook.com
Gayla Hebbes,ghebbes9h@gnu.org
Stephenie Hurt,shurt9i@goo.gl
Sergei Blumson,sblumson9j@yelp.com
Berke Fashion,bfashion9k@ning.com
Gal Bestiman,gbestiman9l@timesonline.co.uk
Rosalind Macieja,rmacieja9m@cdc.gov
Roderick Hush,rhush9n@nymag.com
Libbie Gabbotts,lgabbotts9o@unicef.org
Pippy Thickins,pthickins9p@facebook.com
Manny Denny,mdenny9q@yandex.ru
Florie Cuthbertson,fcuthbertson9r@narod.ru
Simone McMychem,smcmychem9s@ow.ly
Lyn Chivers,lchivers9t@cpanel.net
Devlin Woodhouse,dwoodhouse9u@163.com
Dulcie Dower,ddower9v@engadget.com
Aaron Baker,abaker9w@spiegel.de
Benedikta O'Crevan,bocrevan9x@cam.ac.uk
Saudra McGrill,smcgrill9y@ocn.ne.jp
Meggy Birbeck,mbirbeck9z@e-recht24.de
Link McGuinness,lmcguinnessa0@facebook.com
Bertha Vondrach,bvondracha1@xrea.com
Nert Finby,nfinbya2@cyberchimps.com
Fairleigh Brunt,fbrunta3@earthlink.net
Genni Cabrales,gcabralesa4@netlog.com
Rosella Kenney,rkenneya5@mapquest.com
Rodrique Elderbrant,relderbranta6@geocities.com
Moise Kaspar,mkaspara7@eventbrite.com
Betteann Mayall,bmayalla8@bluehost.com
Colleen Ikringill,cikringilla9@angelfire.com
Eleni Yakushkev,eyakushkevaa@instagram.com
Carolus Sainz,csainzab@wordpress.org
Towney Slimme,tslimmeac@wp.com
Fifine Petto,fpettoad@auda.org.au
Ernesto Schlag,eschlagae@blogs.com
Rorke Coot,rcootaf@elegantthemes.com
Courtney Terry,cterryag@list-manage.com
Delinda Jirka,djirkaah@people.com.cn
Kipp Grigoletti,kgrigolettiai@goo.gl
Bailey Colbeck,bcolbeckaj@plala.or.jp
Wilburt Gopsall,wgopsallak@bing.com
Venita Bainbridge,vbainbridgeal@skyrock.com
Lelia Collingworth,lcollingwortham@mashable.com
Kate Cusworth,kcusworthan@ameblo.jp
Lenore Domenicone,ldomeniconeao@mail.ru
Fidole Drillingcourt,fdrillingcourtap@toplist.cz
Kariotta Diloway,kdilowayaq@cdbaby.com
Camila Beveredge,cbeveredgear@netvibes.com
Myrwyn Marcham,mmarchamas@cafepress.com
Stephi Miskimmon,smiskimmonat@vimeo.com
Averill Sciusscietto,asciussciettoau@qq.com
Caleb Satch,csatchav@microsoft.com
Curt Rowlands,crowlandsaw@prweb.com
Randie McKennan,rmckennanax@spotify.com
Jacenta Follacaro,jfollacaroay@shop-pro.jp
Danie Baddam,dbaddamaz@wp.com
Lucius Rankmore,lrankmoreb0@reddit.com
Teddie Iglesia,tiglesiab1@ft.com
Chaunce Boyse,cboyseb2@vk.com
Gerrie Cronkshaw,gcronkshawb3@dailymail.co.uk
Alexandra Ortsmann,aortsmannb4@skype.com
Jillian Larrett,jlarrettb5@twitpic.com
Jens Shewan,jshewanb6@scribd.com
Lloyd Staunton,lstauntonb7@hhs.gov
York Tockell,ytockellb8@moonfruit.com
Gardiner Watterson,gwattersonb9@simplemachines.org
Ernesto Doughartie,edoughartieba@reverbnation.com
Lanni Nice,lnicebb@nydailynews.com
Jeannie Slane,jslanebc@youku.com
Obediah Akers,oakersbd@macromedia.com
Minnnie Tomkinson,mtomkinsonbe@harvard.edu
Salomone Arsey,sarseybf@newyorker.com
Vernen Linnock,vlinnockbg@ftc.gov
Ignatius Fleeman,ifleemanbh@netvibes.com
Orton Motte,omottebi@de.vu
Ferdinande Vasenkov,fvasenkovbj@blogger.com
Sayer Derks,sderksbk@netvibes.com
Joycelin MacCallion,jmaccallionbl@abc.net.au
Marice Armin,marminbm@ucla.edu
Misti Feaveer,mfeaveerbn@chron.com
Myles Gordge,mgordgebo@marriott.com
Anissa Trowler,atrowlerbp@dailymotion.com
Willi Human,whumanbq@earthlink.net
Branden Muglestone,bmuglestonebr@icio.us
Saxe Hegdonne,shegdonnebs@wufoo.com
Therine Kelsell,tkelsellbt@google.cn
Pietrek Athersmith,pathersmithbu@theglobeandmail.com
Humberto Bengtsen,hbengtsenbv@cbslocal.com
Lilli De Bruijne,ldebruijnebw@mediafire.com
Lizette MacCard,lmaccardbx@weibo.com
Edwina Colleer,ecolleerby@comcast.net
Channa Kuhnhardt,ckuhnhardtbz@google.ru
Melva Walbrook,mwalbrookc0@ning.com
Carlie Belone,cbelonec1@nhs.uk
Christiano Bru,cbruc2@abc.net.au
Mary Reven,mrevenc3@technorati.com
Sib Chavey,schaveyc4@deviantart.com
Aurlie Mossop,amossopc5@cnn.com
Antonina Evershed,aevershedc6@scientificamerican.com
Ajay Orth,aorthc7@apache.org
Ollie Codlin,ocodlinc8@npr.org
Boycey Chanter,bchanterc9@youtube.com
Flory Coch,fcochca@cocolog-nifty.com
Donavon Lackeye,dlackeyecb@creativecommons.org
Vivyan Staley,vstaleycc@drupal.org
Robinetta Perse,rpersecd@booking.com
Lisbeth Huetson,lhuetsonce@shutterfly.com
Sidonnie Ianelli,sianellicf@edublogs.org
Yetty Creebo,ycreebocg@boston.com
Reuven Surgeon,rsurgeonch@so-net.ne.jp
Tommi Gooda,tgoodaci@google.com.au
Mac Edelston,medelstoncj@uol.com.br
Lavinia Englefield,lenglefieldck@google.com.au
Randall Balser,rbalsercl@yelp.com
Griffy Anand,ganandcm@fema.gov
Penni Sharpley,psharpleycn@indiegogo.com
Torr Briggdale,tbriggdaleco@last.fm
Sauveur Povele,spovelecp@taobao.com
Bea Vallerine,bvallerinecq@devhub.com
Holt Strippling,hstripplingcr@phpbb.com
Dell Blewitt,dblewittcs@tinyurl.com
Anett Bertrand,abertrandct@oakley.com
Alford Rowbottom,arowbottomcu@twitpic.com
Merralee Fidelli,mfidellicv@salon.com
Fidole Hove,fhovecw@simplemachines.org
Eldredge Corbally,ecorballycx@census.gov
Carlin Mc Combe,cmccombecy@taobao.com
Penelope Rehme,prehmecz@seesaa.net
Susann Sciusscietto,ssciussciettod0@topsy.com
Zorah MacMenemy,zmacmenemyd1@seattletimes.com
Andrew Label,alabeld2@w3.org
Claudina Scogin,cscogind3@upenn.edu
Skippie Obern,sobernd4@eventbrite.com
Pandora Gadie,pgadied5@prnewswire.com
Evy Hoyer,ehoyerd6@booking.com
Dinny Avo,davod7@lulu.com
Elyn Giraldo,egiraldod8@wired.com
Brewer Lowdwell,blowdwelld9@weibo.com
Fanya Backshall,fbackshallda@constantcontact.com
Brockie Rioch,briochdb@pagesperso-orange.fr
Wyatt Ribbens,wribbensdc@house.gov
Annette Griffin,agriffindd@geocities.com
Dorothy Barnard,dbarnardde@uol.com.br
Lexis Drillingcourt,ldrillingcourtdf@springer.com
Rhodia Bainton,rbaintondg@wix.com
Eli Hammerson,ehammersondh@clickbank.net
Danella Hancox,dhancoxdi@ucoz.ru
Jody Hounsom,jhounsomdj@squarespace.com
Bradan Crain,bcraindk@lulu.com
Asher Roycroft,aroycroftdl@blog.com
Gaylor Southcott,gsouthcottdm@tmall.com
Bondy Josefer,bjoseferdn@paypal.com
Darelle Parkey,dparkeydo@lycos.com
Nikos O'Lyhane,nolyhanedp@wunderground.com
Glenn Gellion,ggelliondq@amazon.de
Laryssa Foucher,lfoucherdr@istockphoto.com
Lewes Bonome,lbonomeds@wikispaces.com
Taber Critchley,tcritchleydt@cbsnews.com
Julie Tomaselli,jtomasellidu@free.fr
Jacqueline Bourgourd,jbourgourddv@skyrock.com
----------| , |---------
Ambur Holdey,aholdeydw@xinhuanet.com
Sabine Lyosik,slyosikdx@360.cn
Gladys Bandt,gbandtdy@ocn.ne.jp
Paten Vasyukhichev,pvasyukhichevdz@illinois.edu
Hunter Creggan,hcreggane0@amazon.co.uk
Robert Dodridge,rdodridgee1@github.io
Cash Dunklee,cdunkleee2@webs.com
Thurstan Broomhall,tbroomhalle3@loc.gov
Garald Hackin,ghackine4@comsenz.com
Novelia Dureden,nduredene5@comsenz.com
Cathlene Elgood,celgoode6@shutterfly.com
Tyler Latore,tlatoree7@home.pl
Filbert Bulloch,fbulloche8@hhs.gov
Katherine Dand,kdande9@sphinn.com
Ferdy Richold,fricholdea@privacy.gov.au
Warner Almond,walmondeb@hud.gov
Lorrie Elcomb,lelcombec@amazon.co.jp
Granville Garnsworth,ggarnsworthed@google.es
Tye Labon,tlabonee@cyberchimps.com
Raoul Comelli,rcomellief@bravesites.com
Candida Jikylls,cjikyllseg@xinhuanet.com
Noni Whoston,nwhostoneh@jigsy.com
Laurent Althorp,lalthorpei@marriott.com
Dwight Messenger,dmessengerej@meetup.com
Vinny Riddell,vriddellek@nhs.uk
Wendie Shaplin,wshaplinel@phoca.cz
Shurwood Sisneros,ssisnerosem@cnbc.com
Brenda Rogliero,broglieroen@ebay.co.uk
Alyce Scotter,ascottereo@ifeng.com
Clare Swainson,cswainsonep@yahoo.com
Lurleen Kerswill,lkerswilleq@redcross.org
Woodman Hadny,whadnyer@seesaa.net
Gerianne Tryhorn,gtryhornes@bbc.co.uk
Avigdor Stadden,astaddenet@youtu.be
Dennet Plessing,dplessingeu@gnu.org
Tabbie Farge,tfargeev@icio.us
Cristionna MacBain,cmacbainew@phpbb.com
Leonie Brocket,lbrocketex@barnesandnoble.com
Lief Bielby,lbielbyey@studiopress.com
Kellen Chew,kchewez@sun.com
Chico Lismore,clismoref0@flavors.me
Dan Baldetti,dbaldettif1@booking.com
Stormi Schimke,sschimkef2@apple.com
Letta Meneyer,lmeneyerf3@loc.gov
Adah Larder,alarderf4@tamu.edu
Gerri McQuade,gmcquadef5@nbcnews.com
Parke Charteris,pcharterisf6@si.edu
Chico Hardwick,chardwickf7@whitehouse.gov
Peder Coakley,pcoakleyf8@walmart.com
Chelsea Verriour,cverriourf9@youku.com
Carina Yurmanovev,cyurmanovevfa@indiatimes.com
Brittne Hawkshaw,bhawkshawfb@weather.com
Candy Dreakin,cdreakinfc@homestead.com
Raynard Sperring,rsperringfd@gravatar.com
Angel covino,acovinofe@w3.org
Judy Yesenev,jyesenevff@stanford.edu
Thibaut Demsey,tdemseyfg@house.gov
Esmaria Tidman,etidmanfh@i2i.jp
Michaela Yandle,myandlefi@addthis.com
Lincoln Conboy,lconboyfj@spotify.com
Bartram Agass,bagassfk@virginia.edu
Guendolen Iacovino,giacovinofl@ucla.edu
Glenda Shenley,gshenleyfm@symantec.com
Dedra Kempe,dkempefn@stanford.edu
Paten Selborne,pselbornefo@cdbaby.com
Mill Tanguy,mtanguyfp@purevolume.com
Jonathan Abbess,jabbessfq@wikipedia.org
Lester Dyton,ldytonfr@sakura.ne.jp
Hynda Dahlback,hdahlbackfs@cisco.com
Willi Crannach,wcrannachft@economist.com
Hinda Reinisch,hreinischfu@usatoday.com
Margareta Strainge,mstraingefv@who.int
Modestine Rayer,mrayerfw@4shared.com
Maurizia Costen,mcostenfx@npr.org
Crosby Rosenfelt,crosenfeltfy@cbc.ca
Willie von Grollmann,wvongrollmannfz@soup.io
Laurice Pople,lpopleg0@dell.com
Colan Cluet,ccluetg1@illinois.edu
Bertina Buist,bbuistg2@hao123.com
Alli Creedland,acreedlandg3@addtoany.com
Engelbert Fahy,efahyg4@washington.edu
Arch Wightman,awightmang5@flickr.com
Allyn Towl,atowlg6@nifty.com
Valenka Thirwell,vthirwellg7@php.net
Kelsi Roaf,kroafg8@exblog.jp
Elspeth Kleinzweig,ekleinzweigg9@blogs.com
Roderick Burgis,rburgisga@economist.com
Keven Grinham,kgrinhamgb@live.com
Jere Ganley,jganleygc@clickbank.net
Larry Sircombe,lsircombegd@ebay.com
Jacques O'Nion,jonionge@blogger.com
Herbert Sugg,hsugggf@webeden.co.uk
Nettle Sinncock,nsinncockgg@google.fr
Ogdan Paffot,opaffotgh@newyorker.com
Emile Rosellini,erosellinigi@dot.gov
Lenee Howsin,lhowsingj@umich.edu
Nonie Slaymaker,nslaymakergk@springer.com
Wilhelmina Muzzini,wmuzzinigl@wikispaces.com
Lesley Gerok,lgerokgm@zimbio.com
Aubrey McIlhagga,amcilhaggagn@indiatimes.com
Cassey Juanes,cjuanesgo@clickbank.net
Leigh Bernaert,lbernaertgp@usatoday.com
Clarita Nast,cnastgq@eventbrite.com
Darin Grigoire,dgrigoiregr@angelfire.com
Noemi Tuttiett,ntuttiettgs@com.com
Garrik Pauleau,gpauleaugt@noaa.gov
Carlos McComiskey,cmccomiskeygu@wufoo.com
Yves Heynel,yheynelgv@archive.org
Patric Herculeson,pherculesongw@jigsy.com
Cam Alesbrook,calesbrookgx@nifty.com
Nydia Edmenson,nedmensongy@addthis.com
Norina Greening,ngreeninggz@usnews.com
Alexandros Prettyman,aprettymanh0@ucoz.ru
Neddie Clothier,nclothierh1@skyrock.com
Rudolfo Silly,rsillyh2@techcrunch.com
Kerrie Casemore,kcasemoreh3@webnode.com
Wylie De Fries,wdefriesh4@japanpost.jp
Lea Errington,lerringtonh5@bandcamp.com
Woodrow Brechin,wbrechinh6@dailymail.co.uk
Stafani Boggish,sboggishh7@ox.ac.uk
Jakob Varns,jvarnsh8@mtv.com
Norma Calley,ncalleyh9@wordpress.org
Victoir Yurenev,vyurenevha@cargocollective.com
Cassey Rockhall,crockhallhb@unc.edu
Nilson Kimberley,nkimberleyhc@chronoengine.com
Gwendolin Joselson,gjoselsonhd@e-recht24.de
Reggie Bushaway,rbushawayhe@hp.com
Giorgia Dundredge,gdundredgehf@skyrock.com
Pietra McAleese,pmcaleesehg@networksolutions.com
Ellynn Peterken,epeterkenhh@nba.com
Umberto Schermick,uschermickhi@photobucket.com
Mildrid Osban,mosbanhj@cafepress.com
Emera Digges,ediggeshk@trellian.com
Krissie Nore,knorehl@vinaora.com
Jeannine Phlippsen,jphlippsenhm@jigsy.com
Wolf Klasen,wklasenhn@kickstarter.com
Allistir Rollingson,arollingsonho@privacy.gov.au
Suzann Hugli,shuglihp@engadget.com
Nick Lesek,nlesekhq@technorati.com
Adams Denisevich,adenisevichhr@merriam-webster.com
Bird Meritt,bmeritths@sogou.com
Erastus Constanza,econstanzaht@dailymail.co.uk
Dinah Jandourek,djandourekhu@dell.com
Edmund Dales,edaleshv@skype.com
Justin O'Donovan,jodonovanhw@wired.com
Aeriela Thumnel,athumnelhx@hao123.com
Abbie Allett,aalletthy@accuweather.com
Ede Margrem,emargremhz@nymag.com
Danette Darcy,ddarcyi0@google.pl
Betsey Cracknell,bcracknelli1@shop-pro.jp
Ciro Caldicot,ccaldicoti2@yahoo.co.jp
Devlen Roast,droasti3@dell.com
Brandy Conichie,bconichiei4@nasa.gov
Kimmi Kay,kkayi5@omniture.com
Kincaid Bitcheno,kbitchenoi6@msu.edu
Lolita Castelletti,lcastellettii7@msu.edu
Murray MacDermott,mmacdermotti8@wordpress.org
Christie Haggath,chaggathi9@cnn.com
Cassey Swidenbank,cswidenbankia@ed.gov
Rozanna Sambiedge,rsambiedgeib@yolasite.com
Alex Ayce,aayceic@mail.ru
Salvador Daunter,sdaunterid@huffingtonpost.com
Nobie Winks,nwinksie@com.com
Carling Von Brook,cvonbrookif@sakura.ne.jp
Lazaro Buckby,lbuckbyig@intel.com
Berta Bleackly,bbleacklyih@ucsd.edu
Amalee Collocott,acollocottii@huffingtonpost.com
Penrod Tures,pturesij@soundcloud.com
Isa Broxton,ibroxtonik@about.me
Bonny Folbige,bfolbigeil@blogtalkradio.com
Nerte Dayly,ndaylyim@pcworld.com
Linet Shiliton,lshilitonin@apple.com
Misti Lambell,mlambellio@youku.com
Gwendolin McCart,gmccartip@jalbum.net
Alisander Speenden,aspeendeniq@ucoz.ru
Jaquith Satterthwaite,jsatterthwaiteir@drupal.org
Lucie Hadcock,lhadcockis@theguardian.com
Phedra Pampling,ppamplingit@lycos.com
Kenton Toal,ktoaliu@noaa.gov
Bess Meryett,bmeryettiv@wufoo.com
Harman Cowburn,hcowburniw@ihg.com
Bobbye Rawls,brawlsix@opensource.org
Gasparo Ecclesall,gecclesalliy@squidoo.com
Deana Glasscoe,dglasscoeiz@liveinternet.ru
Rani Colerick,rcolerickj0@edublogs.org
Federico Rudinger,frudingerj1@shop-pro.jp
Cyrille Durram,cdurramj2@google.com.hk
Gunar Belleny,gbellenyj3@acquirethisname.com
Arabel Denzilow,adenzilowj4@ustream.tv
Curt Carville,ccarvillej5@php.net
Marvin Garshore,mgarshorej6@dagondesign.com
Jonathan Headingham,jheadinghamj7@trellian.com
Jerrilee Saxton,jsaxtonj8@redcross.org
Viva Robberts,vrobbertsj9@europa.eu
Freeland Stockow,fstockowja@cloudflare.com
Fancy Hengoed,fhengoedjb@china.com.cn
Dionysus Gresser,dgresserjc@unc.edu
Hebert Madden,hmaddenjd@jalbum.net
Humbert Luigi,hluigije@businesswire.com
Elladine Corbally,ecorballyjf@accuweather.com
Trumann McFarlan,tmcfarlanjg@techcrunch.com
Dan Sawbridge,dsawbridgejh@imgur.com
Clerkclaude Timoney,ctimoneyji@cnn.com
Marietta Dench,mdenchjj@hao123.com
Patty Millimoe,pmillimoejk@netlog.com
Jeth Pettiward,jpettiwardjl@wix.com
Marlo Hendrix,mhendrixjm@nature.com
Marnie Hans,mhansjn@clickbank.net
Bunni DeSousa,bdesousajo@weather.com
Frans Kuhl,fkuhljp@nationalgeographic.com
Cosetta Edgecombe,cedgecombejq@apache.org
Crissy Pinckard,cpinckardjr@typepad.com
Ailene Billison,abillisonjs@gmpg.org
Johna Ellacott,jellacottjt@geocities.jp
Candide Shepstone,cshepstoneju@godaddy.com
Bibi De Banke,bdebankejv@shareasale.com
Delores Haug,dhaugjw@blogspot.com
Kendricks Duigenan,kduigenanjx@a8.net
Bernie Rattenberie,brattenberiejy@nature.com
Abbe Trevarthen,atrevarthenjz@tinyurl.com
Jae Matyushonok,jmatyushonokk0@liveinternet.ru
Babs Dixcey,bdixceyk1@china.com.cn
Betta Poxon,bpoxonk2@usatoday.com
Mame Byatt,mbyattk3@gnu.org
Jennilee Strasse,jstrassek4@stumbleupon.com
Sutton Jelk,sjelkk5@loc.gov
Vannie Landrick,vlandrickk6@mysql.com
Phyllida Kryszka,pkryszkak7@biglobe.ne.jp
Burt Saffill,bsaffillk8@people.com.cn
Nelson Crudginton,ncrudgintonk9@ihg.com
Thomasin Robilart,trobilartka@bigcartel.com
Lari Tomovic,ltomovickb@ameblo.jp
Rica Stable,rstablekc@washington.edu
Colver Munnis,cmunniskd@examiner.com
Jerald Beesley,jbeesleyke@imageshack.us
Reyna Cawtheray,rcawtheraykf@gmpg.org
Buiron Vlasenko,bvlasenkokg@omniture.com
Jennine Chartman,jchartmankh@miitbeian.gov.cn
Dallis Aldus,dalduski@vkontakte.ru
Carlotta McIlvaney,cmcilvaneykj@wisc.edu
Tanya Raye,trayekk@wikispaces.com
Idelle Jupp,ijuppkl@squarespace.com
Andeee Stocking,astockingkm@unicef.org
Ivie Jewise,ijewisekn@clickbank.net
Prentiss Lackington,plackingtonko@clickbank.net
Nikki Hagerty,nhagertykp@webs.com
Dannie Gowling,dgowlingkq@state.gov
Francene Burnes,fburneskr@reverbnation.com
Troy Fawley,tfawleyks@reddit.com
Randi Surr,rsurrkt@icio.us
Skipper Naisbit,snaisbitku@tuttocitta.it
Prince Halso,phalsokv@taobao.com
Dov Apthorpe,dapthorpekw@360.cn
Tilda Milner,tmilnerkx@homestead.com
Siegfried Stewartson,sstewartsonky@studiopress.com
Ulick Keddie,ukeddiekz@acquirethisname.com
Portie Fydoe,pfydoel0@cyberchimps.com
Matty Souness,msounessl1@xinhuanet.com
Mei Hamel,mhamell2@uol.com.br
Kenton Kegg,kkeggl3@loc.gov
Tabbie Wyatt,twyattl4@ted.com
Woody Rooms,wroomsl5@e-recht24.de
Erina Bocock,ebocockl6@wunderground.com
Bronnie Lutz,blutzl7@deliciousdays.com
Alix Dohmer,adohmerl8@salon.com
Eberto Rumin,eruminl9@scientificamerican.com
Ambrosio Burley,aburleyla@newyorker.com
Skippy Odell,sodelllb@goo.gl
Killian Tillyer,ktillyerlc@globo.com
Walsh Doni,wdonild@epa.gov
Roseline Dotterill,rdotterillle@msn.com
Ariel MacMarcuis,amacmarcuislf@over-blog.com
Sherri Runacres,srunacreslg@mail.ru
Belita Gorringe,bgorringelh@sitemeter.com
Britt Kitteman,bkittemanli@pcworld.com
Adaline Mahony,amahonylj@phoca.cz
Simeon Diloway,sdilowaylk@mozilla.com
Nealon Dysert,ndysertll@hexun.com
Eduardo Hartman,ehartmanlm@fc2.com
Merline Augustine,maugustineln@geocities.jp
Samara Spall,sspalllo@yahoo.com
Irita Sherratt,isherrattlp@domainmarket.com
Devonna McCaighey,dmccaigheylq@opera.com
Ripley McGowran,rmcgowranlr@scribd.com
Dom Hailwood,dhailwoodls@ocn.ne.jp
Don Sacco,dsaccolt@opera.com
Tammy Lidierth,tlidierthlu@bloomberg.com
Quill Dewey,qdeweylv@theglobeandmail.com
Jannelle Chuck,jchucklw@unblog.fr
Tomasine Dennick,tdennicklx@webnode.com
Mayne Brusle,mbruslely@phpbb.com
Cart Escot,cescotlz@deviantart.com
Emerson Southgate,esouthgatem0@si.edu
Gino Delepine,gdelepinem1@parallels.com
Perrine Beranek,pberanekm2@vk.com
Alfonso Jados,ajadosm3@mozilla.org
Hali Dragonette,hdragonettem4@slideshare.net
Bebe Mellhuish,bmellhuishm5@psu.edu
Constantia Tomaskunas,ctomaskunasm6@friendfeed.com
Ashley Wollard,awollardm7@sciencedirect.com
Aime Bruckman,abruckmanm8@naver.com
Temp McMearty,tmcmeartym9@lycos.com
Belita Kynge,bkyngema@nih.gov
Irma Gillford,igillfordmb@fotki.com
Mariejeanne Mound,mmoundmc@soup.io
Shannah Daudray,sdaudraymd@cyberchimps.com
Wolfy Degli Antoni,wdegliantonime@unc.edu
Kev Bagniuk,kbagniukmf@xrea.com
Tobi Doyland,tdoylandmg@friendfeed.com
Daniela Crosskell,dcrosskellmh@taobao.com
Hayden Quade,hquademi@ucoz.com
Jodee Kitteman,jkittemanmj@smugmug.com
Corina Lockart,clockartmk@yale.edu
Delcina MacAnelley,dmacanelleyml@nasa.gov
Yuma Tattershall,ytattershallmm@spiegel.de
Jonathon Ipplett,jipplettmn@spotify.com
Aura MacMychem,amacmychemmo@newsvine.com
Pierre Wortman,pwortmanmp@theguardian.com
Lowe Scini,lscinimq@newsvine.com
Giustina Huckabe,ghuckabemr@angelfire.com
Nannie Harrismith,nharrismithms@naver.com
Denny Bowry,dbowrymt@mozilla.com
Carney Maunders,cmaundersmu@tripod.com
Fonsie de Marco,fdemarcomv@moonfruit.com
Zelig Sparrowhawk,zsparrowhawkmw@vimeo.com
Irvine Mill,imillmx@yahoo.co.jp
Gracie Dorsett,gdorsettmy@unesco.org
Pen Lundy,plundymz@yandex.ru
Arni Ducarel,aducareln0@yolasite.com
Carrie Goding,cgodingn1@businessweek.com
Sonya Clifft,sclifftn2@businesswire.com
Chilton Josland,cjoslandn3@skyrock.com
Melly Furphy,mfurphyn4@irs.gov
Nial Garcia,ngarcian5@indiegogo.com
Nerta Patrick,npatrickn6@deliciousdays.com
Kissee Busby,kbusbyn7@fastcompany.com
Ellene Rosenstein,erosensteinn8@geocities.com
Jessamine St. Paul,jstpauln9@blogspot.com
Constantino Truin,ctruinna@homestead.com
Anitra Kopf,akopfnb@prlog.org
Sigismund Barnish,sbarnishnc@twitter.com
Giustina Dumblton,gdumbltonnd@opensource.org
Amye Siely,asielyne@imdb.com
Chaim Miche,cmichenf@amazon.co.jp
Chev Polson,cpolsonng@shop-pro.jp
Sherwin Marriage,smarriagenh@devhub.com
Babara Konke,bkonkeni@slate.com
Ethelind Gloster,eglosternj@webmd.com
Betteann Tsarovic,btsarovicnk@cnbc.com
Montague Devoy,mdevoynl@cloudflare.com
Sibelle Godfray,sgodfraynm@google.com.au
Flinn Daspar,fdasparnn@photobucket.com
Dalis Caves,dcavesno@businessweek.com
Christin Worters,cwortersnp@lulu.com
Gayel Goodluck,ggoodlucknq@epa.gov
Lilli Skinner,lskinnernr@cnet.com
Norrie Emmanuele,nemmanuelens@drupal.org
Stanislaw McClenan,smcclenannt@theguardian.com
Leilah St. Leger,lstlegernu@ezinearticles.com
Ingemar Gierok,igieroknv@apache.org
Winnah Sprowell,wsprowellnw@wikimedia.org
Kim Boldry,kboldrynx@fc2.com
Katrina Hexam,khexamny@nbcnews.com
Tucky Tiley,ttileynz@cam.ac.uk
Lanette Trainor,ltrainoro0@gmpg.org
Marcia Custy,mcustyo1@vkontakte.ru
Obadiah Delahunt,odelahunto2@naver.com
Denny Avrahamy,davrahamyo3@google.nl
Casey Di Claudio,cdiclaudioo4@hc360.com
Jessie Willimot,jwillimoto5@google.it
Hanni MacInherney,hmacinherneyo6@yolasite.com
Titos Poppy,tpoppyo7@trellian.com
Mariann Matyugin,mmatyugino8@so-net.ne.jp
Kimble Kneebone,kkneeboneo9@techcrunch.com
Raynell Tollerfield,rtollerfieldoa@ning.com
Annie Woolford,awoolfordob@yellowbook.com
Ryun Shearwood,rshearwoodoc@nifty.com
Martynne Valerio,mvaleriood@biblegateway.com
Sherman Vaulkhard,svaulkhardoe@is.gd
Regina Pemble,rpembleof@state.gov
Aggi Wase,awaseog@java.com
Yorke Hurran,yhurranoh@flickr.com
Miller Kegley,mkegleyoi@xrea.com
Carlos Kerrich,ckerrichoj@trellian.com
Lezley Langshaw,llangshawok@va.gov
Dewain Goulborn,dgoulbornol@whitehouse.gov
Jorgan Kielt,jkieltom@java.com
Robinetta Normabell,rnormabellon@seattletimes.com
Webster Leppington,wleppingtonoo@people.com.cn
Ruby Farnworth,rfarnworthop@printfriendly.com
Rozele Moncarr,rmoncarroq@mayoclinic.com
Lorine Warrillow,lwarrillowor@geocities.jp
Minta Counihan,mcounihanos@rambler.ru
Janel Atkirk,jatkirkot@tinyurl.com
Adelice Huckerbe,ahuckerbeou@go.com
Wendy Meynell,wmeynellov@joomla.org
Iain Husk,ihuskow@cloudflare.com
Antonia Tarbet,atarbetox@pbs.org
Cooper Cloney,ccloneyoy@shutterfly.com
Lizzy Spittles,lspittlesoz@deviantart.com
Bryana Champ,bchampp0@sitemeter.com
Georgi Bleas,gbleasp1@joomla.org
Fonsie Bonehill,fbonehillp2@prnewswire.com
Phil Tsarovic,ptsarovicp3@mayoclinic.com
Delores Fenwick,dfenwickp4@economist.com
Clarisse Tilmouth,ctilmouthp5@jimdo.com
Abbott Caustic,acausticp6@tripod.com
Martyn Basil,mbasilp7@altervista.org
Orly Feirn,ofeirnp8@aol.com
Gabriell Winsborrow,gwinsborrowp9@theguardian.com
Noreen Glidder,nglidderpa@oracle.com
Dorelle Thwaites,dthwaitespb@ning.com
Ted Tatersale,ttatersalepc@cam.ac.uk
Delinda Kiebes,dkiebespd@blog.com
Desirae Clemmey,dclemmeype@linkedin.com
Carly Suston,csustonpf@blogger.com
Fleming Colls,fcollspg@prlog.org
Terrijo Hemeret,themeretph@issuu.com
Kane Betser,kbetserpi@usatoday.com
Abner Dalligan,adalliganpj@guardian.co.uk
Jolie Brightie,jbrightiepk@desdev.cn
Hastings Lockett,hlockettpl@wsj.com
Duffie Andreou,dandreoupm@wsj.com
Darryl Bletsor,dbletsorpn@weather.com
Loise Shortt,lshorttpo@joomla.org
Gian Di Biagi,gdibiagipp@baidu.com
Dallas Rowantree,drowantreepq@chicagotribune.com
Trevar Monnoyer,tmonnoyerpr@ucla.edu
Lorilyn Panner,lpannerps@phoca.cz
Felipa McKaile,fmckailept@webs.com
Tiffanie Ravel,travelpu@webmd.com
Leroy Moizer,lmoizerpv@dagondesign.com
Addy Bleesing,ableesingpw@uiuc.edu
Dewie Howton,dhowtonpx@yahoo.co.jp
Dianne Esposita,despositapy@tuttocitta.it
Verney Legging,vleggingpz@alexa.com
Kaitlyn Inge,kingeq0@w3.org
Erwin Hobson,ehobsonq1@simplemachines.org
Aarika Eeles,aeelesq2@example.com
Aurora Stockdale,astockdaleq3@blogger.com
Catherina Toner,ctonerq4@clickbank.net
Claiborne Yanyushkin,cyanyushkinq5@mozilla.com
Kass O' Concannon,koconcannonq6@pen.io
Carolina Daddow,cdaddowq7@flickr.com
Aaron Antonsen,aantonsenq8@whitehouse.gov
Paton Cahalin,pcahalinq9@moonfruit.com
Angie Spyby,aspybyqa@twitpic.com
Karlan Woolgar,kwoolgarqb@examiner.com
Walsh Pranger,wprangerqc@ca.gov
Jacqueline Yglesia,jyglesiaqd@devhub.com
Parnell Kinloch,pkinlochqe@reference.com
Shena Townshend,stownshendqf@livejournal.com
Kelli Nunn,knunnqg@yellowbook.com
Minda Treves,mtrevesqh@cyberchimps.com
Perren Riglar,priglarqi@princeton.edu
Shurlock Rubanenko,srubanenkoqj@narod.ru
Karlik Anan,kananqk@bigcartel.com
Mayne Wall,mwallql@who.int
Catherin Winger,cwingerqm@infoseek.co.jp
Sioux Smillie,ssmillieqn@so-net.ne.jp
Tobin Grice,tgriceqo@elegantthemes.com
Hercules Curneen,hcurneenqp@hostgator.com
Darcie Hubeaux,dhubeauxqq@twitpic.com
Ellyn Zwicker,ezwickerqr@ucla.edu
Davide Marrow,dmarrowqs@e-recht24.de
Finley Riolfi,friolfiqt@macromedia.com
Rosemonde Ilyukhov,rilyukhovqu@jigsy.com
Marten McKall,mmckallqv@odnoklassniki.ru
Crista Portinari,cportinariqw@parallels.com
Torrence Havoc,thavocqx@japanpost.jp
Rici Jocic,rjocicqy@odnoklassniki.ru
Tad O'Loughnan,toloughnanqz@bloglines.com
Danyelle Aslet,dasletr0@t.co
Wallas Sabberton,wsabbertonr1@cocolog-nifty.com
Genevra Berkery,gberkeryr2@last.fm
Roarke Berthe,rberther3@omniture.com
Ryan Searson,rsearsonr4@rambler.ru
Kerri Polson,kpolsonr5@chron.com
Allister Grigorini,agrigorinir6@bloglines.com
Terese Thoumasson,tthoumassonr7@bloglines.com
Franklyn Ickovitz,fickovitzr8@oakley.com
Byrom Trye,btryer9@parallels.com
Hamlin Shearston,hshearstonra@clickbank.net
Patrizia Drew-Clifton,pdrewcliftonrb@nsw.gov.au
Thane Kindell,tkindellrc@amazonaws.com
Basile Speerman,bspeermanrd@blogger.com
Jamison Line,jlinere@pinterest.com
Ev Tremathack,etremathackrf@github.io
Care Gladdis,cgladdisrg@hp.com
Gerrie Nilles,gnillesrh@usgs.gov
Bat Tomczynski,btomczynskiri@toplist.cz
Bernelle Sheavills,bsheavillsrj@biblegateway.com
Alvera Marvelley,amarvelleyrk@miibeian.gov.cn
Lothaire Luxford,lluxfordrl@redcross.org
Glynn Wakerley,gwakerleyrm@disqus.com
Parrnell Jeff,pjeffrn@4shared.com
Pat Warstall,pwarstallro@dropbox.com
Willyt Vannuccini,wvannuccinirp@tuttocitta.it
Gaelan Petrashkov,gpetrashkovrq@hostgator.com
Stirling Francesc,sfrancescrr@cyberchimps.com
